{
  "class": "Dmp",
  "_tau": 9.200000000000001,
  "_dim_y": 3,
  "_dim_x": 11,
  "_x_init": [
    0.1274511638007027,
    0.1285382510239897,
    0.31501563655899006,
    0.0,
    0.0,
    0.0,
    0.0,
    0.0,
    0.0,
    0.0,
    0.0
  ],
  "_y_attr": [
    6.215759573713342e-10,
    6.268776331364023e-10,
    1.5363229022291591e-09
  ],
  "_function_approximators": [
    {
      "class": "FunctionApproximatorRBFN",
      "_meta_params": {
        "n_basis_functions_per_dim": [
          20
        ],
        "intersection_height": 0.7,
        "regularization": 0.0
      },
      "_model_params": {
        "centers": [
          [
            0.0
          ],
          [
            0.05263157894736842
          ],
          [
            0.10526315789473684
          ],
          [
            0.15789473684210525
          ],
          [
            0.21052631578947367
          ],
          [
            0.2631578947368421
          ],
          [
            0.3157894736842105
          ],
          [
            0.3684210526315789
          ],
          [
            0.42105263157894735
          ],
          [
            0.47368421052631576
          ],
          [
            0.5263157894736842
          ],
          [
            0.5789473684210527
          ],
          [
            0.631578947368421
          ],
          [
            0.6842105263157894
          ],
          [
            0.7368421052631579
          ],
          [
            0.7894736842105263
          ],
          [
            0.8421052631578947
          ],
          [
            0.894736842105263
          ],
          [
            0.9473684210526315
          ],
          [
            1.0
          ]
        ],
        "widths": [
          [
            0.031157679431472546
          ],
          [
            0.031157679431472546
          ],
          [
            0.031157679431472546
          ],
          [
            0.031157679431472546
          ],
          [
            0.031157679431472546
          ],
          [
            0.031157679431472546
          ],
          [
            0.031157679431472546
          ],
          [
            0.031157679431472546
          ],
          [
            0.031157679431472546
          ],
          [
            0.031157679431472546
          ],
          [
            0.03115767943147258
          ],
          [
            0.031157679431472515
          ],
          [
            0.031157679431472515
          ],
          [
            0.03115767943147258
          ],
          [
            0.03115767943147258
          ],
          [
            0.031157679431472515
          ],
          [
            0.031157679431472515
          ],
          [
            0.03115767943147258
          ],
          [
            0.03115767943147258
          ],
          [
            0.03115767943147258
          ]
        ],
        "weights": [
          [
            -0.6243368515777398
          ],
          [
            5.279820598918362
          ],
          [
            5.87533396129196
          ],
          [
            6.3611965215503545
          ],
          [
            5.7390151144058095
          ],
          [
            5.056895980095846
          ],
          [
            4.113848577289789
          ],
          [
            3.187065162955349
          ],
          [
            2.2597059719062775
          ],
          [
            1.427790565596995
          ],
          [
            0.7125675569031079
          ],
          [
            0.15473349630393576
          ],
          [
            -0.2306967710535005
          ],
          [
            -0.4379541523936926
          ],
          [
            -0.4747519279404999
          ],
          [
            -0.37768725713067397
          ],
          [
            -0.17952248651741184
          ],
          [
            0.012016319022376215
          ],
          [
            0.17372411553907582
          ],
          [
            -0.004325547481766523
          ]
        ]
      },
      "_dim_input": 1,
      "_selected_param_names": null,
      "_inputs_training": null,
      "_targets_training": null
    },
    {
      "class": "FunctionApproximatorRBFN",
      "_meta_params": {
        "n_basis_functions_per_dim": [
          20
        ],
        "intersection_height": 0.7,
        "regularization": 0.0
      },
      "_model_params": {
        "centers": [
          [
            0.0
          ],
          [
            0.05263157894736842
          ],
          [
            0.10526315789473684
          ],
          [
            0.15789473684210525
          ],
          [
            0.21052631578947367
          ],
          [
            0.2631578947368421
          ],
          [
            0.3157894736842105
          ],
          [
            0.3684210526315789
          ],
          [
            0.42105263157894735
          ],
          [
            0.47368421052631576
          ],
          [
            0.5263157894736842
          ],
          [
            0.5789473684210527
          ],
          [
            0.631578947368421
          ],
          [
            0.6842105263157894
          ],
          [
            0.7368421052631579
          ],
          [
            0.7894736842105263
          ],
          [
            0.8421052631578947
          ],
          [
            0.894736842105263
          ],
          [
            0.9473684210526315
          ],
          [
            1.0
          ]
        ],
        "widths": [
          [
            0.031157679431472546
          ],
          [
            0.031157679431472546
          ],
          [
            0.031157679431472546
          ],
          [
            0.031157679431472546
          ],
          [
            0.031157679431472546
          ],
          [
            0.031157679431472546
          ],
          [
            0.031157679431472546
          ],
          [
            0.031157679431472546
          ],
          [
            0.031157679431472546
          ],
          [
            0.031157679431472546
          ],
          [
            0.03115767943147258
          ],
          [
            0.031157679431472515
          ],
          [
            0.031157679431472515
          ],
          [
            0.03115767943147258
          ],
          [
            0.03115767943147258
          ],
          [
            0.031157679431472515
          ],
          [
            0.031157679431472515
          ],
          [
            0.03115767943147258
          ],
          [
            0.03115767943147258
          ],
          [
            0.03115767943147258
          ]
        ],
        "weights": [
          [
            -0.6296620961195527
          ],
          [
            5.324854518916982
          ],
          [
            5.925447277572477
          ],
          [
            6.415453974030019
          ],
          [
            5.787965707080486
          ],
          [
            5.100028477638588
          ],
          [
            4.148937407344747
          ],
          [
            3.2142490482578765
          ],
          [
            2.2789800014026755
          ],
          [
            1.4399688214489168
          ],
          [
            0.7186453600689511
          ],
          [
            0.1560532865814858
          ],
          [
            -0.2326644856257877
          ],
          [
            -0.4416896566390441
          ],
          [
            -0.4788012966532235
          ],
          [
            -0.38090871842911245
          ],
          [
            -0.181053713032462
          ],
          [
            0.012118811510407362
          ],
          [
            0.17520588518909447
          ],
          [
            -0.004362441985205277
          ]
        ]
      },
      "_dim_input": 1,
      "_selected_param_names": null,