{
  "class": "Dmp",
  "_tau": 9.5,
  "_dim_y": 3,
  "_dim_x": 11,
  "_x_init": [
    0.2129072167787715,
    -0.1747790469848755,
    0.3104749885990592,
    0.0,
    0.0,
    0.0,
    0.0,
    0.0,
    0.0,
    0.0,
    0.0
  ],
  "_y_attr": [
    3.2997978663407146e-07,
    -2.708858511668577e-07,
    4.811977351026897e-07
  ],
  "_function_approximators": [
    {
      "class": "FunctionApproximatorRBFN",
      "_meta_params": {
        "n_basis_functions_per_dim": [
          20
        ],
        "intersection_height": 0.7,
        "regularization": 0.0
      },
      "_model_params": {
        "centers": [
          [
            0.0
          ],
          [
            0.05263157894736842
          ],
          [
            0.10526315789473684
          ],
          [
            0.15789473684210525
          ],
          [
            0.21052631578947367
          ],
          [
            0.2631578947368421
          ],
          [
            0.3157894736842105
          ],
          [
            0.3684210526315789
          ],
          [
            0.42105263157894735
          ],
          [
            0.47368421052631576
          ],
          [
            0.5263157894736842
          ],
          [
            0.5789473684210527
          ],
          [
            0.631578947368421
          ],
          [
            0.6842105263157894
          ],
          [
            0.7368421052631579
          ],
          [
            0.7894736842105263
          ],
          [
            0.8421052631578947
          ],
          [
            0.894736842105263
          ],
          [
            0.9473684210526315
          ],
          [
            1.0
          ]
        ],
        "widths": [
          [
            0.031157679431472546
          ],
          [
            0.031157679431472546
          ],
          [
            0.031157679431472546
          ],
          [
            0.031157679431472546
          ],
          [
            0.031157679431472546
          ],
          [
            0.031157679431472546
          ],
          [
            0.031157679431472546
          ],
          [
            0.031157679431472546
          ],
          [
            0.031157679431472546
          ],
          [
            0.031157679431472546
          ],
          [
            0.03115767943147258
          ],
          [
            0.031157679431472515
          ],
          [
            0.031157679431472515
          ],
          [
            0.03115767943147258
          ],
          [
            0.03115767943147258
          ],
          [
            0.031157679431472515
          ],
          [
            0.031157679431472515
          ],
          [
            0.03115767943147258
          ],
          [
            0.03115767943147258
          ],
          [
            0.03115767943147258
          ]
        ],
        "weights": [
          [
            -1.0303173153959164
          ],
          [
            8.82090679777172
          ],
          [
            9.836692455225819
          ],
          [
            10.656933266323735
          ],
          [
            9.633847891284427
          ],
          [
            8.506545685666868
          ],
          [
            6.94298592357577
          ],
          [
            5.402493929027678
          ],
          [
            3.8571011212207127
          ],
          [
            2.4659045297996913
          ],
          [
            1.2642837457635772
          ],
          [
            0.3203598269019854
          ],
          [
            -0.34025467348260563
          ],
          [
            -0.7059884434027921
          ],
          [
            -0.7886573726169842
          ],
          [
            -0.6440311293772674
          ],
          [
            -0.327556515783596
          ],
          [
            -0.004327300672935901
          ],
          [
            0.27223326305399365
          ],
          [
            0.042907477089316914
          ]
        ]
      },
      "_dim_input": 1,
      "_selected_param_names": null,
      "_inputs_training": null,
      "_targets_training": null
    },
    {
      "class": "FunctionApproximatorRBFN",
      "_meta_params": {
        "n_basis_functions_per_dim": [
          20
        ],
        "intersection_height": 0.7,
        "regularization": 0.0
      },
      "_model_params": {
        "centers": [
          [
            0.0
          ],
          [
            0.05263157894736842
          ],
          [
            0.10526315789473684
          ],
          [
            0.15789473684210525
          ],
          [
            0.21052631578947367
          ],
          [
            0.2631578947368421
          ],
          [
            0.3157894736842105
          ],
          [
            0.3684210526315789
          ],
          [
            0.42105263157894735
          ],
          [
            0.47368421052631576
          ],
          [
            0.5263157894736842
          ],
          [
            0.5789473684210527
          ],
          [
            0.631578947368421
          ],
          [
            0.6842105263157894
          ],
          [
            0.7368421052631579
          ],
          [
            0.7894736842105263
          ],
          [
            0.8421052631578947
          ],
          [
            0.894736842105263
          ],
          [
            0.9473684210526315
          ],
          [
            1.0
          ]
        ],
        "widths": [
          [
            0.031157679431472546
          ],
          [
            0.031157679431472546
          ],
          [
            0.031157679431472546
          ],
          [
            0.031157679431472546
          ],
          [
            0.031157679431472546
          ],
          [
            0.031157679431472546
          ],
          [
            0.031157679431472546
          ],
          [
            0.031157679431472546
          ],
          [
            0.031157679431472546
          ],
          [
            0.031157679431472546
          ],
          [
            0.03115767943147258
          ],
          [
            0.031157679431472515
          ],
          [
            0.031157679431472515
          ],
          [
            0.03115767943147258
          ],
          [
            0.03115767943147258
          ],
          [
            0.031157679431472515
          ],
          [
            0.031157679431472515
          ],
          [
            0.03115767943147258
          ],
          [
            0.03115767943147258
          ],
          [
            0.03115767943147258
          ]
        ],
        "weights": [
          [
            0.8458044832929729
          ],
          [
            -7.241227925396803
          ],
          [
            -8.075103130929218
          ],
          [
            -8.748452345816375
          ],
          [
            -7.908584681681077
          ],
          [
            -6.983163701862839
          ],
          [
            -5.699611696173244
          ],
          [
            -4.434996401452096
          ],
          [
            -3.1663579482687965
          ],
          [
            -2.0243017131819943
          ],
          [
            -1.0378713861664592
          ],
          [
            -0.26298866748302424
          ],
          [
            0.27932067528379595
          ],
          [
            0.5795575612098238
          ],
          [
            0.6474218491467145
          ],
          [
            0.5286957798998175
          ],
          [
            0.268896548123265
          ],
          [
            0.003552352518040945
          ],
          [
            -0.22348077718567894
          ],
          [
            -0.03522345586804765
          ]
        ]
      },
      "_dim_input": 1,
      "_selected_param_names": null,